"The Ferrari 812 GTS Is a $500,000 800-Horsepower V12 Monster",https://www.youtube.com/watch?v=C1wNQtPcQUw
"This Porsche Cayenne Is a $500,000 Custom Movie Filming Car",https://www.youtube.com/watch?v=rQfBNEFeFi8
"The 2021 Audi SQ5 Is a Sporty, Fun Compact Luxury SUV",https://www.youtube.com/watch?v=M5mJXUzhnk0
The 2021 Kia Sorento Is Kia's Other 3-Row Midsize SUV,https://www.youtube.com/watch?v=X3gsLqgxBfs
"The 2021 Ferrari Roma Is Ferrari’s New $250,000 Entry-Level Coupe",https://www.youtube.com/watch?v=E_FqSJg5DPc
The Mercedes-Benz SLS AMG Roadster Is the Forgotten Mercedes Supercar,https://www.youtube.com/watch?v=qG3B-c7MlYc
The 2021 Toyota Mirai Is a Futuristic Luxury Sedan,https://www.youtube.com/watch?v=rwu78OwR4fE
"The Original 1992 Dodge Viper Was a Ridiculously Basic, Dangerous Sports Car",https://www.youtube.com/watch?v=mZ8rhpxVpqs
"The 2021 Chrysler Pacifica Pinnacle Is a Luxury Minivan for $50,000",https://www.youtube.com/watch?v=bYPktM-SnOM
The BMW 750iL Was BMW's V12 Flagship Luxury Sedan From 30 Years Ago,https://www.youtube.com/watch?v=w4CkJQuF-JY
2021 Audi RS6 Avant vs 1994 Audi RS2 Avant: 25 Years of Fast Wagons,https://www.youtube.com/watch?v=9aGbi2wYtaQ
"Here Are the 2020 Doug Awards! (Best Car, Worst Car, etc.)",https://www.youtube.com/watch?v=8DI_WUaAV3s
The Mercedes CLS63 AMG Shooting Brake Is the Coolest Unknown Wagon,https://www.youtube.com/watch?v=srtWMLmA5bs
This Massive Unimog U500 Is the Ultimate Insane Mercedes Pickup Truck,https://www.youtube.com/watch?v=s1AJO5NfAEk
The Bugatti Veyron Vitesse Is the Ultimate $2.5 Million Veyron,https://www.youtube.com/watch?v=SINyunKIqfI
The $3 Million McLaren P1 GTR is the Most Thrilling Car I've Ever Driven,https://www.youtube.com/watch?v=ZgUvD5m0q2Y
The 2021 Dodge Durango Hellcat Is the World’s Craziest 3-Row SUV,https://www.youtube.com/watch?v=BfYjpJuFl1s
"The 2021 Ford Mustang Mach-E Is the Fast, Electric Mustang SUV",https://www.youtube.com/watch?v=c4n5iPqxpaw
The Bugatti Divo Is the $8 Million Ultimate Hypercar,https://www.youtube.com/watch?v=LAWt2yrGq98
The 2021 Ford Bronco Sport Is an Awesome Baby Bronco,https://www.youtube.com/watch?v=VRYTEFT8UYY
The Aston Martin Vanquish Zagato Shooting Brake Is a $1 Million Hot Hatchback,https://www.youtube.com/watch?v=1ZQOHL9Ty4k
I Bought an Audi RS2 Avant – The Coolest Fast Wagon Ever!,https://www.youtube.com/watch?v=oV0aOGq2t0s
"The 2021 Ram TRX Is an Insane 700-Horsepower, $90,000 Hellcat Pickup Truck",https://www.youtube.com/watch?v=sZUzdaQg7JM
The 2021 Ford F-150 Is Totally New and Really Impressive,https://www.youtube.com/watch?v=sHH0u5v3ZE8
"The 2021 Audi RS7 Is a $120,000 Luxury Monster",https://www.youtube.com/watch?v=N60ms3j2cjw
Here’s Why the 2021 Genesis GV80 Is a Serious Luxury SUV Contender,https://www.youtube.com/watch?v=myCJXRSkmYM
The 2021 BMW M440i Is the New Big-Nosed BMW Coupe,https://www.youtube.com/watch?v=CcHork6WL1w
I Bought a New 2020 Land Rover Defender! (And Here's Why),https://www.youtube.com/watch?v=x97uTUHlGw4
"The 2021 Toyota Sienna Platinum Is a $50,000 Ultra-Luxury Minivan",https://www.youtube.com/watch?v=_gPr7a6iZQ0
Here’s Why the Original Acura NSX Is Shooting Up in Value,https://www.youtube.com/watch?v=Efs-maBiEFw
"The GMC Hummer EV Is an Insane $100,000+ Electric Off-Roader Truck",https://www.youtube.com/watch?v=Z2YLEPFa750
The 2021 Genesis G80 Is a Mercedes-Fighting Luxury Sport Sedan,https://www.youtube.com/watch?v=UGEcF8_tK9Q
The 2020 BMW X5M Competition Is a 600-Horsepower Super SUV,https://www.youtube.com/watch?v=FImmFwcXpb4
"The 2021 Cadillac Escalade Is a $100,000 Ultra-Luxury SUV with Crazy Features",https://www.youtube.com/watch?v=faSX3-ObA2A
Here's Why the Aston Martin DB7 Is a Bargain V12 Exotic Car,https://www.youtube.com/watch?v=71OUMB6qOcE
Here’s a Thorough Tour of the New 2021 Ford Bronco,https://www.youtube.com/watch?v=-eiszpuVpy4
"The 2021 Aston Martin Vantage Roadster Is a $200,000 Luxury Sports Car",https://www.youtube.com/watch?v=3GxemG-fkc4
"The New 2021 Rolls-Royce Ghost Is the Latest $350,000 Ultra-Luxury Sedan",https://www.youtube.com/watch?v=RpEXRmDbDh4
The New 2021 Bentley Bentayga Is an Ultra-Luxury Performance SUV,https://www.youtube.com/watch?v=zDG0zNQIC_M
"The 2021 Audi RS6 Avant Is the Ultimate $130,000 Fast Wagon",https://www.youtube.com/watch?v=ANhXW6Qq9_0
The 2020 Cadillac CT5-V Isn’t the V Car You’re Hoping For,https://www.youtube.com/watch?v=4dtCiruErIQ
The Lamborghini Centenario Is a $3 Million Ultra-Rare Supercar,https://www.youtube.com/watch?v=WXRFYiMlMLs
"The Polestar 1 Is the World's Coolest $150,000 Volvo",https://www.youtube.com/watch?v=ibNs12W2hUk
"This Honda S2000 Is a ""Fast and the Furious"" Movie Icon",https://www.youtube.com/watch?v=4LAGNeE5pjA
Here’s a Tour of the New McLaren 765LT Supercar,https://www.youtube.com/watch?v=N9XoF_MXjLk
The 2021 Jaguar F-Type R Is a 575-Horsepower Monster,https://www.youtube.com/watch?v=ZubmEjpXQoI
The E39 BMW M5 Is BMW’s Best Sport Sedan Ever,https://www.youtube.com/watch?v=3P-cNnBFbGc
"The Cadillac Allante Was a Quirky, Interesting Failure",https://www.youtube.com/watch?v=3B7QqQR7arA
The McLaren 675LT Is an Ultra-Rare McLaren Supercar,https://www.youtube.com/watch?v=YSjaugLaP2E
The Mitsubishi Lancer Evolution X Was the End of the Evo,https://www.youtube.com/watch?v=f95Qv3aqNM4
The Aston Martin Lagonda Taraf Is the World's Most Expensive Luxury Sedan,https://www.youtube.com/watch?v=XUmjYkODF3Y
Here's Why the Mercedes S500 W140 Is the Best S-Class Ever,https://www.youtube.com/watch?v=oobtlyWxBvM
The 1991 Honda Civic Si Was an Early Hot Hatchback,https://www.youtube.com/watch?v=MUVnTqLA_b0
The 2021 Chevrolet Tahoe is the New Gold Standard Full-Size SUV,https://www.youtube.com/watch?v=XEIrB3lvh90
"The 2021 Mini Cooper JCW GP Is the $50,000 Ultimate Mini",https://www.youtube.com/watch?v=zO7GPur3wMM
The Pontiac Solstice Was a Better Miata from General Motors,https://www.youtube.com/watch?v=gLwtMDx9MKU
The 2021 Lexus LC500 Convertible Is the Coolest Car Nobody Will Buy,https://www.youtube.com/watch?v=pTb_cOYQctc
Here’s Why the 2021 Kia K5 Is a Cool Midsize Sedan,https://www.youtube.com/watch?v=CAtle652xK0
The 2021 Toyota Venza Is a New Hybrid Family SUV,https://www.youtube.com/watch?v=SYNeWjj1S6g
The Ferrari F50 Is a $3 Million Supercar Icon,https://www.youtube.com/watch?v=DSE6-kr8Uoc
Here’s Why the BMW M3 E30 Is My All-Time Favorite BMW,https://www.youtube.com/watch?v=krjzeWCmB4o
Here's Why the Porsche 911 Turbo (996) Is a Crazy Bargain,https://www.youtube.com/watch?v=2OFuYRe1NLQ
"Here's Why the Subaru Impreza 22B Is the $100,000 Ultimate Subaru",https://www.youtube.com/watch?v=cW99h_1tTBY
The Buick Reatta Was a 1980s High-Tech Marvel,https://www.youtube.com/watch?v=pq2PSLdc8rA
The 1991 BMW M5 (E34) Was a 1990s Sport Sedan Icon,https://www.youtube.com/watch?v=ZB4mJb7d5nc
The Lincoln Continental Coach Door Is the Ultimate American Luxury Sedan,https://www.youtube.com/watch?v=jkOW5FcRGtY
"The 2020 Audi RSQ8 Is a $140,000 Super SUV",https://www.youtube.com/watch?v=Zg_bLK5XChA
The 2020 Porsche Cayman GT4 Is My Favorite New Porsche,https://www.youtube.com/watch?v=N4fHEYKVyuE
The 2020 Audi S8 Is Audi’s Ultra-Fast Flagship Sedan,https://www.youtube.com/watch?v=4JW7a9PgTpU
Here's Why the Porsche Carrera GT Is My Favorite Car Ever Made,https://www.youtube.com/watch?v=AgFXR-HUlBw
I Bought a Kia Stinger GT! (And Here's Why),https://www.youtube.com/watch?v=dKKCmgic8Fg
The 2020 Land Rover Defender Is the Hottest SUV of the Year,https://www.youtube.com/watch?v=eGrDmnP8jPg
I'm Launching a Car Auction Website!,https://www.youtube.com/watch?v=9hcwg0fSGz4
"The 2020 Range Rover Velar SVAutobiography Is a $100,000 Super SUV",https://www.youtube.com/watch?v=-lU5E29cCiM
The Porsche 968 Clubsport Is the GT3 You Never Knew About,https://www.youtube.com/watch?v=5WuQBP7AY9U
The 2020 Volkswagen Jetta Is a Good Car Nobody Cares About,https://www.youtube.com/watch?v=VPDoBbfL7-E
The Mazda RX-8 Is a Fun Car You Probably Shouldn't Buy,https://www.youtube.com/watch?v=raV5eUYNlK8
The Chevy HHR SS Panel Is One of the Weirdest Modern Cars,https://www.youtube.com/watch?v=BxFhNIgouMA
"The 2020 Lexus GS-F Is a Bad New Car, But a Great Used One",https://www.youtube.com/watch?v=vh_Z7zpLjhA
The 2004 Mercedes-Benz E55 AMG Started the Horsepower Wars,https://www.youtube.com/watch?v=RPQWsXtWY_k
The Toyota Century V12 Is an Amazing Japanese Ultra-Luxury Sedan,https://www.youtube.com/watch?v=e12MlkCxsW0
The 2020 Toyota C-HR Is a Quirky Hatchback Crossover Thing,https://www.youtube.com/watch?v=w84thvjOd9Y
"A Used Aston Martin Rapide Is a $60,000 Ultra-Luxury Bargain",https://www.youtube.com/watch?v=aH3bA0vn6Tg
Here's Why The Toyota Land Cruiser 80 Series Is an SUV Icon,https://www.youtube.com/watch?v=MIeYJrX1a-k
"The 2020 Bentley Flying Spur Is a $275,000 Ultra-Luxury Sedan",https://www.youtube.com/watch?v=S_Bd6zK4V9M
Here’s Why the 1996 Chevy Impala SS Was Really Cool,https://www.youtube.com/watch?v=HQjPk1tpxoE
The New Porsche 935 Is an Insane $1 Million Track Car,https://www.youtube.com/watch?v=oAxR5qoeECM
"The 2020 Porsche Cayenne Turbo S Coupe Is a $200,000 Super SUV",https://www.youtube.com/watch?v=Gf4AMgKM28E
"The Maserati Coupe Is a Sub-$20,000 Exotic Car Bargain",https://www.youtube.com/watch?v=pJddtAyz4As
"The Dodge Neon SRT-4 Was a Cheap, Fast 2000s Icon",https://www.youtube.com/watch?v=iTOo1P7-QoI
The 2021 Porsche 911 Turbo S 992 Is the Newest Ultra 911,https://www.youtube.com/watch?v=kBeNR58BH-Q
The 2020 Toyota Avalon TRD Is a Really Weird Sport Sedan,https://www.youtube.com/watch?v=pTTZswKtJ04
"The Fisker Karma Is the Craziest $40,000 Sedan You Can Buy",https://www.youtube.com/watch?v=qfg4ZG1dZW4
"The 2020 Ferrari F8 Tributo Is the Newest $300,000+ Ferrari",https://www.youtube.com/watch?v=fSSj2QUtgsQ
The Tesla Model Y Is the Tesla Everyone Is Waiting For,https://www.youtube.com/watch?v=xAXDcTH6hPw
The Polaris Slingshot Is One of the Craziest Vehicles On Sale,https://www.youtube.com/watch?v=Vf_O9mZcSs4
Here’s Why the 2020 Chevy Corvette C8 Is The Hottest Car of the Year,https://www.youtube.com/watch?v=yZT3hyhao-o
"The 2020 GMC Sierra 3500HD Denali Is an $80,000 Luxury Truck",https://www.youtube.com/watch?v=eyGmuGQNSqE
"The Bentley Brooklands Was The Ultimate $400,000 Luxury Coupe",https://www.youtube.com/watch?v=DtG2YP3aYMA
"The McLaren 570S GT4 Is a $200,000 Race Car You Can Buy From a Dealer",https://www.youtube.com/watch?v=bFKy0DOYchs
"Here's Why a Used Porsche Panamera Is a Sub-$30,000 Bargain",https://www.youtube.com/watch?v=EAezax2ugQU
The 2020 Lincoln Corsair Is a Baby Navigator,https://www.youtube.com/watch?v=_qCUz0lo4wQ
"Here’s Why the New Mercedes-AMG G63 Is Worth $200,000",https://www.youtube.com/watch?v=gCMQS3UDabo
The 2020 Hyundai Sonata Is a Shockingly Quirky Midsize Sedan,https://www.youtube.com/watch?v=RLf1CQg0Zpw
"The 2020 Rolls-Royce Cullinan Black Badge Is a $480,000 Ultra Luxury SUV",https://www.youtube.com/watch?v=BfITC_DcbJE
The 2020 Toyota Highlander Is On Top Of Its Game,https://www.youtube.com/watch?v=qO48IIPi1jk
The Oldsmobile Silhouette Was a Really Weird Luxury Minivan,https://www.youtube.com/watch?v=_UQ3ym2HXZA
The 2020 Mercedes-Benz GLB Is a Small Family Luxury SUV,https://www.youtube.com/watch?v=q6D4bRXj0jg
This Bentley Limo Was the World's Best Luxury Car 20 Years Ago,https://www.youtube.com/watch?v=jaeI8lX6yRA
The 2020 Mazda CX-30 Is Mazda's New Fun Small Crossover,https://www.youtube.com/watch?v=N6JJH-smDnI
The 2020 Lamborghini Huracan Evo Is an Improved Huracan,https://www.youtube.com/watch?v=2uY62E1KLUI
Here's Why the 2004 Subaru Impreza WRX STI Is an Icon,https://www.youtube.com/watch?v=IjFAFjzfeok
The 2020 Genesis G90 Ultimate Is a Bargain Luxury Sedan,https://www.youtube.com/watch?v=m7MtIv9a0A4
This 6-Wheeled Jeep Wrangler Is the Craziest Jeep Ever,https://www.youtube.com/watch?v=f-AFtvDPOoQ
Here's Why the 2020 Ford Escape Is a Huge Improvement,https://www.youtube.com/watch?v=JvrxxApP8dw
The Chrysler PT Cruiser GT Was the Best Version of the Worst Car,https://www.youtube.com/watch?v=_RCiHO-GA2E
The Mercedes-Benz 500E Is the Original Porsche Sedan,https://www.youtube.com/watch?v=FZ6GZp7LEWo
The Bentley Turbo R Was the Flagship Bentley 30 Years Ago,https://www.youtube.com/watch?v=n6G8BMkNw_w
Here Are the 2019 Doug Car Awards!,https://www.youtube.com/watch?v=r7rMJRJFiG4
Here's Why the BMW M3 E92 Was the Craziest BMW M3,https://www.youtube.com/watch?v=fGDNzMLfSBY
"The Ford F-650 Is a $150,000 Super Truck",https://www.youtube.com/watch?v=JrHDeSMvnt4
The 2020 Dodge Charger Hellcat Widebody Is the Craziest Sedan on Sale,https://www.youtube.com/watch?v=pgguJ-XYkXY
The Pagani Zonda Is an Insane $6 Million Supercar,https://www.youtube.com/watch?v=nXDbQznrG7o
The Mercedes G63 AMG 6x6 Is the Ultimate $1.5 Million Pickup Truck,https://www.youtube.com/watch?v=zrESlrGCALM
Here's a Tour of the 2021 Aston Martin DBX Ultra-Luxury SUV,https://www.youtube.com/watch?v=L3wtMg2a2xk
The Vector W8 Is the Craziest Supercar Ever Made,https://www.youtube.com/watch?v=3WEhsS9ybwk
Here's Why the 2020 BMW M8 Competition Is the Ultimate M Car,https://www.youtube.com/watch?v=fFfXIAcqhLE
Here's Why the Range Rover Limo Is Ultra-Luxury Transportation,https://www.youtube.com/watch?v=Ivcz1U4q830
Here's Why the 2020 Porsche Taycan Is the Best Modern Porsche,https://www.youtube.com/watch?v=0vq6KEOIiMg
"The Mercedes-Maybach S650 Cabriolet Is the $350,000 Ultimate S-Class",https://www.youtube.com/watch?v=ezpvGqjur_o
"The Ferrari 599 GTO Is an Ultra-Rare $550,000 Monster",https://www.youtube.com/watch?v=aYiZolpcOow
"The 2020 Porsche 911 Speedster Is a $300,000 Dream 911",https://www.youtube.com/watch?v=2tT-zKgJEM8
"The Jaguar XE SV Project 8 Is a $200,000 Super Sedan",https://www.youtube.com/watch?v=j04LfXCgBfo
The Pagani Huayra Roadster Is an Insane $3 Million Supercar,https://www.youtube.com/watch?v=Td2iuMkH85o
Here's Why the Tesla Model 3 Performance Is the Best Tesla Yet,https://www.youtube.com/watch?v=YvsnIL0AIAk
"The 2020 McLaren GT Is the $250,000 Ultra-Luxury McLaren",https://www.youtube.com/watch?v=HvM_pEjGiuQ
The 2002 Mercedes-Benz SL500 Is the Last Old-School Mercedes,https://www.youtube.com/watch?v=BBPcADt6IUI
The Dodge Ram SRT-10 Is the Ultimate Performance Pickup Truck,https://www.youtube.com/watch?v=2YKGMtv20cs
"The BAC Mono Is a Crazy $250,000 Street-Legal Race Car",https://www.youtube.com/watch?v=cFBMKk_tnp0
"The 2020 Shelby GT500 Is the Ultimate $100,000 Ford Mustang",https://www.youtube.com/watch?v=WjTpkAXXM7c
I Bought a Mercedes-Benz G500 Cabriolet!,https://www.youtube.com/watch?v=rs0khSZ72Xs
Here's Why the $2 Million McLaren P1 Is the Ultimate Modern McLaren,https://www.youtube.com/watch?v=og-cW8zMGBc
Here's Why the 2020 Subaru Outback Is America's Favorite Wagon,https://www.youtube.com/watch?v=ncj8XZSPgcI
The 2020 Mercedes GLS Is an Ultra-Luxury Family SUV,https://www.youtube.com/watch?v=GOREqfzgN9M
The 2020 Porsche 911 992 Is the Newest Version of an Icon,https://www.youtube.com/watch?v=wYLMKAIJRd8
"The Original Audi TT Is an Underrated, Beautiful Car",https://www.youtube.com/watch?v=tslPUN6swvY
"The Ariel Atom Is a $75,000 Street Legal Go Kart",https://www.youtube.com/watch?v=nhQFW0fyuLU
The 2020 Mercedes-Benz CLA Is the Sporty Baby Mercedes,https://www.youtube.com/watch?v=Ms8gUQQJSBE
The 2019 Porsche Macan Is the Best Small Luxury SUV,https://www.youtube.com/watch?v=POaSGHf5ZtQ
Here's Why the Infiniti Q50 Red Sport 400 Could Be Better,https://www.youtube.com/watch?v=ozwqsSecTPw
The 2020 Ford Explorer ST Is a Fast Family SUV,https://www.youtube.com/watch?v=g7wCnbLFQXw
Here's Why the Jaguar XJ220 Is the Craziest 1990s Supercar,https://www.youtube.com/watch?v=YPrJYNFURKU
The Suzuki Swift Is a Forbidden Sporty Hatchback,https://www.youtube.com/watch?v=ZmghN0DbYys
"The 2019 Lexus LX570 Is a $95,000 Disappointment",https://www.youtube.com/watch?v=-lzYBFqsWQk
Here's Why the 2002 Ford Thunderbird Was a Retro Failure,https://www.youtube.com/watch?v=luD_Lp4vjAg
The 2020 Audi R8 Is Still an Amazing Supercar,https://www.youtube.com/watch?v=LLMIH9NJ5_o
The Pontiac Fiero Was GM's Mid-Engine 1980s Sports Car,https://www.youtube.com/watch?v=J0crFUxksXg
The 2020 Lincoln Aviator Is a Fantastic Luxury SUV,https://www.youtube.com/watch?v=FDjWBrK6lo0
The 2020 Hyundai Palisade Is a Bargain Luxury SUV,https://www.youtube.com/watch?v=kpfAY3LqmXk
The Lancia Delta Integrale Is the Greatest Hot Hatch Ever Made,https://www.youtube.com/watch?v=QdXziTLSO18
"The Subaru Baja Turbo Is a Weird, Fast Subaru Truck",https://www.youtube.com/watch?v=FO53M8x3Y28
Here's Why the Toyota FJ Cruiser Should Come Back,https://www.youtube.com/watch?v=xnW8x4e3gIc
The Mercedes 190E 2.3-16 Was the Fast Mercedes Before AMG,https://www.youtube.com/watch?v=Ium6RjDftBA
The Chevy Tahoe Hybrid Was a Truly Terrible SUV,https://www.youtube.com/watch?v=Elt-BDrPSMM
The 1998 Lincoln Navigator Was the First Big Luxury SUV,https://www.youtube.com/watch?v=Vdv3RFSDA68
Here's Why the 2003 Audi RS6 Is Amazing and Horrible,https://www.youtube.com/watch?v=FrdpDEXGB48
Here's Why the Maserati GranTurismo Is the Only Good Maserati,https://www.youtube.com/watch?v=7AHJaYGes5w
The 2019 Ford GT Is America's Insane $1 Million Supercar,https://www.youtube.com/watch?v=o7aDXuZWeVc
The Chevy Corvette C5 Z06 Is an Insane Sports Car Bargain,https://www.youtube.com/watch?v=NcCszG4yNIU
The 2019 Volvo S60 Polestar Is a Swedish Sport Sedan,https://www.youtube.com/watch?v=KVQzEKHI2Tw
The Oldsmobile Custom Cruiser Is an Old-School Family Wagon,https://www.youtube.com/watch?v=Mi21sR8hfr8
Here's Why the Toyota Tacoma TRD Pro Is an Awesome Midsize Truck,https://www.youtube.com/watch?v=Mtk9eOjD-gc
The 1996 Ford Bronco Is the Last Old-School SUV,https://www.youtube.com/watch?v=NNkj1VgEc_M
"Here's Why the Mini Clubvan Is One of the Rarest, Weirdest Modern Cars",https://www.youtube.com/watch?v=c7QGXP4nxAs
"Here's Why the Hummer H1 Alpha Is the Ultimate $200,000 Off-Roader",https://www.youtube.com/watch?v=UqKUExgryXo
The 2020 BMW 750i Is BMW's New Flagship Luxury Sedan,https://www.youtube.com/watch?v=XU4-7e1iiYc
Here's Why the Hyundai Equus Is the Best Luxury Sedan Bargain Ever,https://www.youtube.com/watch?v=UPpLCthGP-Q
Here's Why the LaFerrari Is the $3.5 Million Ultimate Ferrari,https://www.youtube.com/watch?v=ngLQfhJZ7Rs
The Lamborghini Diablo VT Roadster Was a Crazy 1990s Supercar,https://www.youtube.com/watch?v=dd6n5CN29NQ
"Here's a Tour of a $200,000 Custom Mercedes Sprinter Van",https://www.youtube.com/watch?v=rcO7bMvP8so
The 2019 Volkswagen Arteon Is Strange and Gorgeous,https://www.youtube.com/watch?v=GZyv7PhGqJM
Here's Why the Toyota Sera Was the Weirdest 1990s Toyota,https://www.youtube.com/watch?v=OoihSOhWO3Q
The Lincoln Town Car Was the Last True American Luxury Sedan,https://www.youtube.com/watch?v=-vNUXUA526s
The Nissan 370Z Nismo Is Outdated and Overpriced,https://www.youtube.com/watch?v=WvuqvqJuc6w
Here's Why the Lexus LS600hL Is the Ultimate Lexus Luxury Sedan,https://www.youtube.com/watch?v=A3AuT-wxvmg
The 2020 Mercedes-Benz GLE is an Excellent Luxury SUV,https://www.youtube.com/watch?v=5YvMlIwSYWo
The Buick Grand National Is the Ultimate 1980s Muscle Car,https://www.youtube.com/watch?v=2ejnulsLLyI
Here's Why the 2020 Toyota Supra Could Be Better,https://www.youtube.com/watch?v=4oC8cvUb0kI
The Lamborghini Murcielago Roadster Is the Last Old-School Lambo,https://www.youtube.com/watch?v=ZoEHGjT7gc4
Here's Why the Audi E-Tron Is the Future of the Audi SUV,https://www.youtube.com/watch?v=aP7of0p-GGU
Here's Why the Mini Countryman Is Better Than You Think,https://www.youtube.com/watch?v=Jf8DYK9VJbU
"The 2019 Ram 2500 HD Is an $85,000 Ultimate Pickup Truck",https://www.youtube.com/watch?v=4I-T58QO43o
The 2019 BMW Z4 Is a Fun Luxury Roadster,https://www.youtube.com/watch?v=PDoXjhEIglw
The McLaren Senna Is an Insane $1.8 Million Supercar,https://www.youtube.com/watch?v=Wpq4Y57K1eU
The 2020 Range Rover Evoque Is the New Baby Range Rover,https://www.youtube.com/watch?v=o7V5COxB48Q
The 2019 Cadillac CTS-V Is a Crazy Fast Luxury Sedan,https://www.youtube.com/watch?v=MuqMjucmMqk
"The Bentley Arnage Is the Ultimate $30,000 Luxury Car",https://www.youtube.com/watch?v=0fs1qmx0vZk
Here's Why The McLaren 720S Spider Is the Best New McLaren,https://www.youtube.com/watch?v=W9CvaI8FXgs
Here's Why the 2019 Mazda3 Is My Favorite Compact Sedan,https://www.youtube.com/watch?v=zu4N-1s1rEs
Here's Why the 2020 Jeep Gladiator Is the Hottest New Truck,https://www.youtube.com/watch?v=_nf8GV0AvtI
The Saleen S7 Is the Craziest Supercar Nobody Knows About,https://www.youtube.com/watch?v=REFhjdnIFjE
The 2019 Genesis G70 Is the Newest Luxury Sport Sedan,https://www.youtube.com/watch?v=3-IfCbKou28
"The Mercedes-AMG GT 4-Door Is a $175,000 Super Sedan",https://www.youtube.com/watch?v=5IXKTWX4MUo
Here's Why the McLaren F1 Is the Greatest Car Ever Made,https://www.youtube.com/watch?v=EkYVXIWAPnc
The 2020 Kia Telluride Is Kia's New Family SUV,https://www.youtube.com/watch?v=YvfUdxq1LQ4
The Koenigsegg CCX Was the Ultimate Supercar From 2008,https://www.youtube.com/watch?v=9E0uPfIujgU
Here's Why the 2019 BMW X7 Is the Best Big Luxury SUV,https://www.youtube.com/watch?v=m1fNZSYXNaw
The 1989 Cadillac Brougham Is the Best Cadillac From 30 Years Ago,https://www.youtube.com/watch?v=bO4skrCfEPU
Here's Why the 2020 Kia Soul Is My Favorite Small Car,https://www.youtube.com/watch?v=2sXPNVpQe98
The 2019 BMW 3 Series Is the Newest Version of an Icon,https://www.youtube.com/watch?v=-xNNEXLit0A
"The 2019 Honda Passport Is Honda's ""Rugged"" New SUV",https://www.youtube.com/watch?v=BUjMjJvKh1c
"Here’s Why the Lamborghini Aventador SVJ Is Worth $600,000",https://www.youtube.com/watch?v=vmLOdP1DhX8
The 2019 Mercedes A-Class Is the Cheapest New Mercedes-Benz,https://www.youtube.com/watch?v=nL5l-_9bIVk
Here's Why The Ferrari 488 Pista Is the Best New Ferrari,https://www.youtube.com/watch?v=ZhYHUyG9h30
The 2019 Kia K900 Is the Unknown Luxury Sedan,https://www.youtube.com/watch?v=DcriSRdaSDY
The Subaru SVX Is the Weirdest Subaru Ever,https://www.youtube.com/watch?v=fqU9IeF58aQ
Here's Why the Audi RS5 Sportback Is My Favorite New Audi,https://www.youtube.com/watch?v=A8Az8mlYYmk
The Mercedes-AMG CLA45 Should Be Better,https://www.youtube.com/watch?v=tB9xfK1vWUM
"Here's Why the McLaren 600LT Is Worth $300,000",https://www.youtube.com/watch?v=KfdrS_HbB6c
The 1990 Toyota Century Is a Japanese Rolls-Royce,https://www.youtube.com/watch?v=Hl_Euj_qNoM
Here's Why the Ferrari 458 Speciale A Is the Ultimate Modern Ferrari,https://www.youtube.com/watch?v=ujl0NYeDJoI
The 2019 Porsche Cayenne Turbo Is the Best Cayenne Ever,https://www.youtube.com/watch?v=2-AYvKres_w
"The Aston Martin DBS Superleggera Is Aston's $350,000 Flagship Model",https://www.youtube.com/watch?v=izle7V1URGQ
Here's Why The 2019 Toyota RAV4 Is the Best Compact SUV,https://www.youtube.com/watch?v=eJKwS1NpHH0
The 2019 Mercedes-Benz CLS Is a Gorgeous Sport Sedan,https://www.youtube.com/watch?v=KiYuRe7a7x8
The 1994 Acura Legend Coupe Proves that Acura Used to Be Cool,https://www.youtube.com/watch?v=2TOAPqcBezc
Here's a Look Back at All of Doug DeMuro's Car Reviews from 2018,https://www.youtube.com/watch?v=oCT_pWEa3R4
The 2019 Ford Ranger Is the Return of the Ranger to the USA,https://www.youtube.com/watch?v=-mWgU2CxiE4
The 2019 BMW 8 Series Is BMW's New Flagship Model,https://www.youtube.com/watch?v=NDeTFbI_fkM
The 1994 Toyota Supra Turbo Is a Sports Car Legend,https://www.youtube.com/watch?v=cwKAS9vQq90
Here's Why the Bugatti Veyron Is the Coolest Car of the 2000s,https://www.youtube.com/watch?v=nxPNRiFMbL8
"The 2019 Bentley Continental GT Is a $250,000 Ultra-Luxury Coupe",https://www.youtube.com/watch?v=EoDf3aUI5dw
Here's Why the 2019 Mercedes G-Class Is the Coolest New SUV,https://www.youtube.com/watch?v=blY69sLgK6o
Here's Why the Koenigsegg Agera RS1 Is Worth $10 Million,https://www.youtube.com/watch?v=_eXcPKdarLQ
The E60 BMW M5 Is the Best Car You Should Never Own,https://www.youtube.com/watch?v=bCp_4uVtT-Y
The Porsche 959 Is a $1.5 Million Automotive Icon,https://www.youtube.com/watch?v=GxBzTVoFHXQ
The 2019 Jaguar I-Pace Is the Most Important SUV of the Year,https://www.youtube.com/watch?v=mA0PpOxnU7w
Here's Why the Mercedes-Benz SL Is Failing,https://www.youtube.com/watch?v=HPalT13VIzk
The Rolls-Royce Phantom Drophead Coupe Is an Ultra-Luxury Convertible,https://www.youtube.com/watch?v=SYtWrHMjG20
The Nissan GT-R Nismo Is the Most Expensive Nissan Ever,https://www.youtube.com/watch?v=QWU9YsxXPqw
The Jaguar XJS V12 Is the Cheapest V12 Sports Car On Earth,https://www.youtube.com/watch?v=YqVvFOPjWxg
Here's Why a Used Ford F-150 Raptor Is a Great Financial Decision,https://www.youtube.com/watch?v=KBcNfIwnJK4
The 2019 Audi Q8 Is the Coolest Audi SUV,https://www.youtube.com/watch?v=ESEYv86NNvw
"The 2011 Porsche 911 GT3RS 4.0 Is a $500,000 Track Weapon",https://www.youtube.com/watch?v=l9777M1Wmzo
"Here's Why the 2018 Toyota Land Cruiser Costs $85,000",https://www.youtube.com/watch?v=FWRORb9bpxY
The 2011 Saab 9-5 Was the End of Saab,https://www.youtube.com/watch?v=sj2DtHCCa0c
The 2019 Hyundai Veloster N Is a Thrilling Hot Hatchback,https://www.youtube.com/watch?v=ytfoYf5sjsA
Here's Why Everyone Hates the Mercedes-AMG GLE63 Coupe,https://www.youtube.com/watch?v=Zj0XQsuAdgw
The Porsche 911 GT2RS Is the Craziest 911 Ever,https://www.youtube.com/watch?v=C3N61UZ6Z84
"Here's Why the Ferrari Portofino Is Worth $250,000",https://www.youtube.com/watch?v=qjsc8it2CEo
Here's Why the 2019 Mazda MX-5 Miata Is the Best Miata Yet,https://www.youtube.com/watch?v=hJUltR6UYSo
"Here's Why I've Already Spent $28,000 On My 2005 Ford GT",https://www.youtube.com/watch?v=HXVfYkCXdWY
Here's Why the 2001 BMW 7 Series Is the Best Luxury Sedan Ever,https://www.youtube.com/watch?v=litO7FrTwDI
Here's Why the Ferrari F12 Berlinetta Is One of the Best Modern Ferraris,https://www.youtube.com/watch?v=KSHyG7ltAiA
Here's Why the Lincoln Continental Is an Underrated Luxury Sedan,https://www.youtube.com/watch?v=YB0QQfU1K1M
The Mercedes SLS AMG Black Series Is the Ultimate Mercedes Supercar,https://www.youtube.com/watch?v=DB0bkI5arCk
Here's Why the 2019 GMC Sierra Denali Is the King of the Luxury Truck,https://www.youtube.com/watch?v=PqqcYsv6LB8
"The 2019 Aston Martin Vantage Is a $185,000 True Sports Car",https://www.youtube.com/watch?v=ZjMYFcFXUs4
Here's Why the Pagani Huayra Is Worth $3 Million,https://www.youtube.com/watch?v=WnyPtKQKP3Y
The 2019 Subaru Ascent Is the Subaru SUV We've All Been Waiting For,https://www.youtube.com/watch?v=G9YcUf-a8ho
I Bought a 2005 Ford GT - My Dream Car!,https://www.youtube.com/watch?v=xJUOKi-pdbk
The Peugeot 3008 Is the Weird Crossover You Can't Have,https://www.youtube.com/watch?v=AOUQN6eIxkA
I'm Launching a Second YouTube Channel!,https://www.youtube.com/watch?v=4kMxHtYvhxA
"The Aston Martin Vanquish Is an $85,000 Used Car Bargain",https://www.youtube.com/watch?v=gqaLzGcz354
The Subaru BRZ tS Isn't Quite the BRZ We Want,https://www.youtube.com/watch?v=KGBXNXdjcLo
"Here's Why the BMW i8 Roadster Is Worth $175,000",https://www.youtube.com/watch?v=NwO9wvmr7Fs
Here's Why the Lamborghini Huracan Performante Is the Best Lambo Ever,https://www.youtube.com/watch?v=aB-qzVue3xw
"The 2018 Alfa Romeo Stelvio Quadrifoglio Is an $85,000 Super SUV",https://www.youtube.com/watch?v=zwaAfpo9cvs
The 2019 Volvo XC40 Is the Coolest Volvo in Decades,https://www.youtube.com/watch?v=Gad0TXRVblk
"Here's Why the Ferrari 812 Superfast Is Worth $400,000",https://www.youtube.com/watch?v=r5K49HczLvM
Here’s Why the Original Mazda Miata Is a Legend,https://www.youtube.com/watch?v=EuFcpaV_AJ4
Here's Why the 2018 Volkswagen Golf R Is Better Than its Rivals,https://www.youtube.com/watch?v=meSVfbFEwH8
Here’s Why the Acura Integra Type R Is Shooting Up in Value,https://www.youtube.com/watch?v=2-BfMHT633o
"The $200,000 Mercedes-AMG GTR Is the Ultimate Mercedes",https://www.youtube.com/watch?v=YqvOHgBhnBU
Here's a Tour of the 2019 Lamborghini Urus SUV,https://www.youtube.com/watch?v=X5ZHl3GERI0
Here's Why the Rolls-Royce Cullinan Is the World's Most Expensive SUV,https://www.youtube.com/watch?v=W9_IohYVqsc
"The 2019 Ram 1500 Limited Is a $65,000 Ultra-Luxury Truck",https://www.youtube.com/watch?v=KjiSK6ztIzk
Here’s Why the Lexus RC-F Has Been a Total Flop,https://www.youtube.com/watch?v=pnrov9akHZY
"The Aston Martin V12 Vantage S Is a $200,000 Manual Supercar",https://www.youtube.com/watch?v=0DS7ddQQZ6A
The Toyota MR2 Spyder Is the Sports Car You Forgot About,https://www.youtube.com/watch?v=lW0v505p60U
Here’s Why The Chevy Colorado ZR2 Is the Coolest Midsize Truck,https://www.youtube.com/watch?v=QzLZX9r8N4E
"The $200,000 Mercedes-Maybach S600 Is an Insane Luxury Sedan",https://www.youtube.com/watch?v=yq9IvgfLFgk
"Here’s Why the Ford Fiesta ST Is a $15,000 Used Car Bargain",https://www.youtube.com/watch?v=yU9obX0J5VM
"The $370,000 Aston Martin Lagonda Is the Weirdest Luxury Car Ever",https://www.youtube.com/watch?v=QP07Jq5b88M
Here's Why the Bugatti Chiron Is Worth $3 Million,https://www.youtube.com/watch?v=kcmWknKtJkk
"The 2018 Cadillac CT6 Is a $70,000 Luxury Sedan That Drives Itself",https://www.youtube.com/watch?v=NJ6jHgZIEPs
"A Used Bentley Continental GT Is a Crazy $50,000 Used Car",https://www.youtube.com/watch?v=QhE64beLG0Q
"The $50,000 Subaru WRX STI Type RA Is the Most Expensive Subaru Ever",https://www.youtube.com/watch?v=PyBYrW5Uc1E
"The 2018 BMW M5 Is a $120,000 Super Sedan",https://www.youtube.com/watch?v=xGBqwZ9iBOQ
The 1990 Lexus LS400 Was the Beginning of Lexus,https://www.youtube.com/watch?v=BqDiWhlwrZ4
A Used Audi RS7 Is a Half-Price Used Car Bargain,https://www.youtube.com/watch?v=lTBP1FdnhBU
"Here's Why the 2018 Ford Mustang GT Now Costs Over $50,000",https://www.youtube.com/watch?v=l5zT005oGbA
Here's Why the Mitsubishi 3000GT VR-4 Was a 1990s Icon,https://www.youtube.com/watch?v=sogakkimTgc
"The 2018 Toyota 4Runner TRD Pro Is a $50,000 Old-School SUV",https://www.youtube.com/watch?v=Jq5A5ctua8s
Here's a Tour of the Most Expensive Rolls-Royce Sedan From 1973,https://www.youtube.com/watch?v=4vsMe5jDpNc
"Here’s a Tour of a $65,000 Nissan Titan Platinum Reserve Diesel",https://www.youtube.com/watch?v=8uIKBDIygWg
"A Used Fiat 500 Abarth Is the Most Fun You Can Have For $9,000",https://www.youtube.com/watch?v=q2zRmgjry5w
"Here's Why the BMW i3 Absolutely Isn't Worth $50,000",https://www.youtube.com/watch?v=yLfRPT5sEEI
I'm Moving! The DougScore is Changing! Boring Update Video!,https://www.youtube.com/watch?v=IWrpZ8q_4uk
"The $180,000 Porsche Panamera Sport Turismo Is the Most Expensive Wagon Ever",https://www.youtube.com/watch?v=svYy0rWeyzc
"The 2018 Lexus LS 500 Is the $120,000 Ultimate Lexus Sedan",https://www.youtube.com/watch?v=fuNNIBK_mN0
"The 2018 Rolls-Royce Phantom Is a $550,000 Ultra-Luxury Car",https://www.youtube.com/watch?v=TBIkJSpqcFs
"The Mercedes SL65 AMG Black Series Was a $300,000 Monster",https://www.youtube.com/watch?v=9I1rgSxKsaM
The 2019 Chevy Corvette ZR1 Is the Ultimate Corvette,https://www.youtube.com/watch?v=FHu8iWUaXDE
Here's Why the 2018 Audi RS3 Is the Best New Audi,https://www.youtube.com/watch?v=ZBiYn0l47XQ
"Here's Why the 2018 Range Rover Is Worth $125,000",https://www.youtube.com/watch?v=CGXEv06QOyQ
"The Kia K900 Is an Unknown $60,000 Luxury Sedan",https://www.youtube.com/watch?v=Mz87tLToSVY
Here’s a Tour of a Perfect 1990 Mitsubishi Eclipse GSX,https://www.youtube.com/watch?v=PgqHq6WjD8s
The Toyota Previa Is the Weirdest Minivan Ever,https://www.youtube.com/watch?v=JRocY48P0qA
"Here’s Why the BMW Z8 Is Worth $200,000",https://www.youtube.com/watch?v=Fyj1fcJbaWc
"The $180,000 BMW M760i Is the Most Expensive BMW Ever",https://www.youtube.com/watch?v=fg5S3cFwzKI
Here's a Tour of a $3 Million Ferrari Enzo,https://www.youtube.com/watch?v=KhaLiiSUvAw
"This V12 Mercedes CL65 AMG Is an Insane $30,000 Used Car",https://www.youtube.com/watch?v=PCP5XZs3Wxc
"The Genesis G90 Is a $75,000 Hyundai Luxury Sedan",https://www.youtube.com/watch?v=o8b5EnnbRLw
Here’s a Tour of a Perfect Jeep Wrangler ... From 1993,https://www.youtube.com/watch?v=iVy17jx770U
Here's Why the Mercedes Metris is the Worst Minivan Ever Made,https://www.youtube.com/watch?v=sa8kHgmZIiQ
"The Mercedes C63 AMG Black Series Is the $125,000 Ultimate C-Class",https://www.youtube.com/watch?v=rDwyhK7jPyM
Here's Why the BMW 850CSi Was the Best BMW of the 1990s,https://www.youtube.com/watch?v=5JXrvulTg5M
Here's Why Everyone Loves the Jeep Cherokee XJ,https://www.youtube.com/watch?v=3STMfI_PS4Q
"Here's a Tour of a $50,000 Honda Odyssey Minivan",https://www.youtube.com/watch?v=oOZ_Q6qzXuw
The Isuzu VehiCROSS Is the Weirdest SUV You Forgot About,https://www.youtube.com/watch?v=ZOszin9227Q
"The 2018 Mercedes-AMG E63S Wagon Is a $120,000 Family Wagon",https://www.youtube.com/watch?v=t_q95Ty7aTo
Is the Chevy Corvette Z06 Finally a Supercar?,https://www.youtube.com/watch?v=2fFMeWn0a8o
"The $85,000 Range Rover Velar Is the Coolest Range Rover Ever",https://www.youtube.com/watch?v=S6YYun90S8g
This Weird Hyundai Rivaled the Mercedes S-Class,https://www.youtube.com/watch?v=FtmNXC8iqR4
"Here’s Why the 2018 Lincoln Navigator is Worth $100,000",https://www.youtube.com/watch?v=mUSv8b-V5I4
"Here's Why the 2018 Kia Stinger GT Is Worth $50,000",https://www.youtube.com/watch?v=ZDVbx1ZEs5E
"The $100,000 Dodge Demon Is the Craziest Muscle Car Ever",https://www.youtube.com/watch?v=zCp-kE9sqxw
The Original Maserati Ghibli Proves Maserati Was Once Great,https://www.youtube.com/watch?v=rqTpMCq8uhk
Here's Why the Chevy SS Was a Total Failure,https://www.youtube.com/watch?v=QfJjH4oZDTA
"Here's Why the Maserati Levante Just Isn't Worth $80,000",https://www.youtube.com/watch?v=RdunXzNNfqk
"Here's a Tour of a $150,000 Mercedes S-Class ... From 1991",https://www.youtube.com/watch?v=TyQXBeYwFUc
I Raced My Mercedes E63 AMG Wagon Against an Audi R8 and a Porsche 911,https://www.youtube.com/watch?v=WFPz3YMKN6s
The Fiat 124 Abarth Isn't a Better Mazda Miata,https://www.youtube.com/watch?v=W-YcpWYAido
"Doug DeMuro’s 2017: The Best, The Worst, and The Numbers",https://www.youtube.com/watch?v=CH6QXZ8YoN0
The Mitsubishi Mirage Is the Worst New Car You Can Buy,https://www.youtube.com/watch?v=5aCsNs3eYTE
Here’s Why the Ferrari 250 GT Lusso Is Worth $3 Million,https://www.youtube.com/watch?v=xD0b-GwFRro
"The Chevy SSR Was a Crazy $50,000 Retro Convertible Pickup Truck",https://www.youtube.com/watch?v=0-eWzZuXUQg
"The Volkswagen Phaeton W12 Was a $120,000 VW Ultra-Luxury Sedan",https://www.youtube.com/watch?v=1kIbRwNopWw
"The Lamborghini Jarama Is Ugly, Rare, and Totally Unknown",https://www.youtube.com/watch?v=gH65wZfN62k
Here's Why the 2018 Jeep Wrangler Is Much Better Than the Old One,https://www.youtube.com/watch?v=eLj9D4vo56Q
"The $100,000 Jeep Trackhawk Is the Most Powerful SUV Ever",https://www.youtube.com/watch?v=ek_aZC4KIQM
The Lamborghini Espada Is the Weirdest Lamborghini Ever Made,https://www.youtube.com/watch?v=4T8gYlV8Am0
"The $230,000 Mercedes-AMG G65 Is the Stupidest Car On Sale",https://www.youtube.com/watch?v=f3KjIQCKmM4
Here's a Tour of a USA-Legal R34 Nissan Skyline GT-R,https://www.youtube.com/watch?v=4VQIjYBbawE
"The 2017 Chevy Camaro ZL1 Is an Amazing Bargain For $65,000",https://www.youtube.com/watch?v=XP6fdBHSdi0
The Spyker C8 Is One of the Quirkiest Exotic Cars Ever,https://www.youtube.com/watch?v=NKin_i1pcFA
"Here’s a Tour of an $80,000 Ford F-250 Platinum Pickup Truck",https://www.youtube.com/watch?v=KF-N1naN1yE
The Ferrari Boxer Was the Coolest Ferrari From 35 Years Ago,https://www.youtube.com/watch?v=HvErr0LdX7A
"The Mercedes CLK DTM Is the $450,000 Supercar You've Never Heard Of",https://www.youtube.com/watch?v=QxZOFLIrdtk
Here's a Tour of the 2019 Chevy Corvette ZR1,https://www.youtube.com/watch?v=O_adY_b-aLQ
"Here's Why the McLaren 720S Is Worth $300,000",https://www.youtube.com/watch?v=mhTQ22cHrYQ
Here's Why the Tesla Model 3 Is the Coolest Car of 2017,https://www.youtube.com/watch?v=te6VqldjTT8
Here Are the Best Moments From 1 Million Subscribers,https://www.youtube.com/watch?v=usmTkNC5Jh4
Here's Why the Mercedes CLK63 Black Series Is the Best AMG Car,https://www.youtube.com/watch?v=lGD551Gwqj8
Here's Why the BMW Z1 Is the Strangest Modern BMW,https://www.youtube.com/watch?v=ssbSc0gaI04
The Jaguar F-Pace Is the Average of Every Other Luxury SUV,https://www.youtube.com/watch?v=knC9nM2uegE
"The 2017 Porsche Panamera Turbo Is the Ultimate $150,000 Luxury Sedan",https://www.youtube.com/watch?v=Wlk5OB9tYs0
Here's Why the 1990s Mazda RX-7 Is Getting Really Expensive,https://www.youtube.com/watch?v=lZgOhP_RMSM
"Here's Why the 2018 Aston Martin Vanquish S Costs $350,000",https://www.youtube.com/watch?v=1YH9G_hrKbQ
Here’s Why the McLaren 650S Is a Modern Exotic Car Bargain,https://www.youtube.com/watch?v=zTcDeVYW-Mo
"The $100,000 Volvo XC90 Excellence is the Most Expensive Volvo Ever",https://www.youtube.com/watch?v=P6G69CsBI4Y
Here's Why Everyone Loves the Honda S2000,https://www.youtube.com/watch?v=B4iz-VVap1w
"Here's Why the Maybach 57S Has Lost $300,000 in Value Over 10 Years",https://www.youtube.com/watch?v=LB4iVEht7ow
"I Can't Believe The Range Rover Evoque Convertible Costs $70,000",https://www.youtube.com/watch?v=Z9WZZaM_MKg
Here’s Why the Porsche 918 Spyder is Worth $1.7 Million,https://www.youtube.com/watch?v=jiKPTadNbPc
The Mercedes-Benz E63 AMG Wagon Is the Ultimate Family Car,https://www.youtube.com/watch?v=eAW8taenIPQ
"Here's Why the Lamborghini Countach is Worth $300,000",https://www.youtube.com/watch?v=WVp5a38WT_0
"The 2007 Bentley Azure Has Lost $300,000 in Value Over 10 Years",https://www.youtube.com/watch?v=IVr146r2JoE
"Here's Why the 2018 Lexus LC500 Costs $100,000",https://www.youtube.com/watch?v=giIP0XdT7SA
Here Are DougScores From 22 Cars I've Already Reviewed,https://www.youtube.com/watch?v=BvmMYafVOuo
I Sold My Dodge Viper: Wrapping Up a Year With My Viper,https://www.youtube.com/watch?v=YJFrHWH0_C8
Here’s Why BMW M Cars Will Shoot Up in Value,https://www.youtube.com/watch?v=K8h-hZouHZk
Here's Why the Chevy Bolt is the Uncool Electric Car,https://www.youtube.com/watch?v=d2ogGZXmepY
Here's Why the Ferrari 348 Doesn't Deserve Its Bad Reputation,https://www.youtube.com/watch?v=1-r5zArIp-U
"The Bentley Continental SuperSports is a $310,000 Bentley Hellcat",https://www.youtube.com/watch?v=rvDrQFGhJA0
Here's a Tour of the Most Expensive Cadillac From 1977,https://www.youtube.com/watch?v=HxHfrc60k8M
Here's Why the Ugly Pontiac Aztek Is Becoming Cool,https://www.youtube.com/watch?v=33AP0JnXSOA
"A Used Maserati Quattroporte is the Best Way to Look Rich for $20,000",https://www.youtube.com/watch?v=3QAHK1Uy9ao
"I Bought a Mercedes E63 AMG Wagon and Drove It 1,200 Miles Home",https://www.youtube.com/watch?v=-62Dr1JgAh4
"Here's Why the 2017 Audi R8 V10 Plus Costs $200,000 (Or More)",https://www.youtube.com/watch?v=ytk34Cl_cY8
The Mercedes R63 AMG is a 500-Horsepower Minivan,https://www.youtube.com/watch?v=adUHK8PybDI
Here's Why the Ferrari F40 Is Worth $1.3 Million,https://www.youtube.com/watch?v=7mZdkfEeJH4
"Here's What a $180,000 Porsche Was Like In 1994",https://www.youtube.com/watch?v=GaoLQ_1zsrM
"The Ferrari GTC4Lusso Is a $350,000 Hot Hatchback",https://www.youtube.com/watch?v=M537NTCaems
Can You Daily Drive a Dodge Viper?,https://www.youtube.com/watch?v=BBPM_4nQfvQ
"The Porsche 911R Isn't Worth $500,000 (But It's Amazing)",https://www.youtube.com/watch?v=FCbsubFEUxQ
"Here's Why the Ferrari 430 Scuderia Is Worth $250,000",https://www.youtube.com/watch?v=3rpbyf7dBU0
"Here's a Tour of a $350,000 Rolls-Royce Wraith",https://www.youtube.com/watch?v=0z3iVyjr6Ek
I Think The Porsche 911 Turbo (997) Is an Amazing Bargain,https://www.youtube.com/watch?v=9s3y2msBAdg
Here's Why The Original Audi R8 Was Such a Huge Success,https://www.youtube.com/watch?v=xZAV8Fy98Is
The Cadillac ELR Was a Truly Horrible Value,https://www.youtube.com/watch?v=ZZidmj1VaFw
"The Lexus LFA Is the $400,000 Supercar Nobody Talks About",https://www.youtube.com/watch?v=PopzpO-Iu94
Introducing the DougScore! (and Reviewing My Range Rover),https://www.youtube.com/watch?v=PW81WU4v2R8
I Crushed an Audi and a Kia with My Land Rover Defender,https://www.youtube.com/watch?v=KAhR1MLGYNU
I Took My Dodge Viper to the Dyno to Measure Its Horsepower,https://www.youtube.com/watch?v=QkhHg_oqayI
The 2017 Honda Civic Type R Isn't the King of Hot Hatches,https://www.youtube.com/watch?v=UTURtQvSvHI
The Shelby GT350R Is the Ultimate Ford Mustang,https://www.youtube.com/watch?v=j9z86NZafL0
The Lamborghini Diablo Was the Craziest Car of the 1990s,https://www.youtube.com/watch?v=t0zOKlVEYSk
2016 Dodge Viper ACR vs. 1997 Dodge Viper GTS: Comparison Test!,https://www.youtube.com/watch?v=l4U6wvIjzMY
Is the McLaren 570S a Future Exotic Car Bargain?,https://www.youtube.com/watch?v=hKQBZYz_WhQ
"Here's Why the Best Porsche 911 is the Hated ""996"" Model",https://www.youtube.com/watch?v=Rr2dzAZEhk4
"Here's a Tour of a $100,000 Cadillac Escalade",https://www.youtube.com/watch?v=Lnwi14c4-dY
Here's Why the 2017 Acura NSX Is Better Than You Think,https://www.youtube.com/watch?v=Qi6UF2KfNac
I Drove an Armored Military Vehicle Around Suburban Nashville,https://www.youtube.com/watch?v=v5tTSfWMeNo
2017 Ford GT vs. 2005 Ford GT: First Comparison Test!,https://www.youtube.com/watch?v=KoxFeAusHbI
"Here's Why the 2017 Ford GT Is Worth $500,000",https://www.youtube.com/watch?v=7AZLu45nl5A
"Here's What a $300,000 Rolls-Royce Was Like... in 1996",https://www.youtube.com/watch?v=cnAUnGjMd5U
"Which Land Rover For $70,000? Defender vs Range Rover",https://www.youtube.com/watch?v=VRhe1ke06Xc
"The Mercedes SLR Is the Forgotten $500,000 Supercar",https://www.youtube.com/watch?v=hjzfHp3TNL8
The BMW 1 Series M Is the Best BMW of All Time,https://www.youtube.com/watch?v=ccz8drePBuA
"Yes, the Ferrari California T Is Absolutely a ""Real Ferrari""",https://www.youtube.com/watch?v=oy4f0y5tC0k
I Took My Dodge Viper to CarMax For an Appraisal,https://www.youtube.com/watch?v=AO71AbW5RTo
"Here's Why the Maserati Ghibli Is a Terrible Way to Spend $85,000",https://www.youtube.com/watch?v=nOZnqnB6xDo
"Here's Why the Ferrari 550 Maranello Is Worth $150,000 (Or More)",https://www.youtube.com/watch?v=NSB7duF5rbc
"The Mercedes G550 4x4 Squared Is a $250,000 German Monster Truck",https://www.youtube.com/watch?v=kgcAA4HUxuE
Is the BMW M4 GTS Worth Double the Price of a BMW M4?,https://www.youtube.com/watch?v=Ny9gWQyw2aU
"Off-Roading My New $70,000 Land Rover Defender",https://www.youtube.com/watch?v=SlpnpIHhzDs
Range Rover Catastrophe: Another CarMax Warranty Update,https://www.youtube.com/watch?v=FvJCCoLoKRA
"Here's Why the Ferrari 488 Spider Is Worth $350,000",https://www.youtube.com/watch?v=iqxIu1cyRfk
The BMW Isetta Is the Strangest BMW of All Time,https://www.youtube.com/watch?v=k0dEzY-xld8
"Here's Why the 2017 Ford F-150 Raptor Is Worth $65,000",https://www.youtube.com/watch?v=vUUPPzPxVEM
The Holden Ute Should've Been Sold in the USA,https://www.youtube.com/watch?v=vmpCWEAapQY
"Here's Why the Mercedes SLS AMG Is Worth $185,000",https://www.youtube.com/watch?v=6B0uUg0GKTg
Here's Why the Ferrari F355 Is (Almost) My Favorite Ferrari,https://www.youtube.com/watch?v=Fs7uOea9d1A
"Here's Why the Lamborghini LM002 Is Worth $400,000",https://www.youtube.com/watch?v=gXKZAVEee74
These Are All the Cars You Told Me to Buy,https://www.youtube.com/watch?v=iPc0xQxWG_U
The Hummer H2 Is the Most Embarrassing Vehicle You Can Drive,https://www.youtube.com/watch?v=Uj2e_kqiN-Y
The Lotus Evora Is Better Than You Think,https://www.youtube.com/watch?v=s5Xtkhnl9UI
"Here's Why the Bentley Mulsanne Is Worth $375,000",https://www.youtube.com/watch?v=xsMViWFPv_U
Here's Why the Ferrari Testarossa Is Shooting Up in Value,https://www.youtube.com/watch?v=K1jB4vYji6A
DeLorean Time Machine: Tour and Road Test,https://www.youtube.com/watch?v=S5dtcoCfKw4
You Choose: What Car Should I Buy Next?,https://www.youtube.com/watch?v=_iQDouwe4NQ
Here's Why the Jeep Wrangler Pickup Truck Is Awesome,https://www.youtube.com/watch?v=pCRkg3QshOQ
Ferrari 512TR vs. Porsche 911 Turbo: 1990s Battle!,https://www.youtube.com/watch?v=AaJJ31xUO1Y
"Here's Why the Alfa Romeo Giulia Quadrifoglio Is Worth $80,000",https://www.youtube.com/watch?v=QaTn3gaCQYk
"The McLaren MP4-12C Is a Great Deal At $140,000 - Or Is It?",https://www.youtube.com/watch?v=s3eivpRCj7w
Here's Why the GT3RS Is the Ultimate Porsche 911,https://www.youtube.com/watch?v=jOOFNKZR_ak
The Qvale Mangusta Is the Italian Exotic Car You’ve Never Heard Of,https://www.youtube.com/watch?v=c2K4FvbbWN8
"Here's Why the Lamborghini Aventador SV Is Worth $500,000",https://www.youtube.com/watch?v=zbeBtjntISs
Nissan S-Cargo: Performance Tests and Drive Review,https://www.youtube.com/watch?v=g_0GjMHb04w
Here's Why the Plymouth Prowler Is the Weirdest Car of the 1990s,https://www.youtube.com/watch?v=7gYC0w28uxA
Is the Dodge Viper Really That Dangerous?,https://www.youtube.com/watch?v=UxIs4_Xoq7Q
"Here's Why This Acura NSX Is Worth $125,000",https://www.youtube.com/watch?v=z7MpJcIuGVk
The 15 Best Car Features and Quirks of 2016,https://www.youtube.com/watch?v=x-IVBNRB048
Here's Why the BMW M2 Is The Best M Car,https://www.youtube.com/watch?v=nA2PD6NQavw
"Is The Chevy Corvette ZR1 Really Worth $100,000?",https://www.youtube.com/watch?v=VhzTIXYP6zQ
"Here's Why the Lamborghini Huracan Is Worth $250,000",https://www.youtube.com/watch?v=D65RF_9CX-E
Tesla Model X: Strange Quirks and Cool Features,https://www.youtube.com/watch?v=03nX6qNxiA4
Here's Why the Tesla Model X Is an Awful Car,https://www.youtube.com/watch?v=lItIyxGZUZQ
"The Aston Martin DB11 Costs $250,000 - And It's Amazing",https://www.youtube.com/watch?v=zN8DGSswGDo
Here's Why the Yugo Is One of the Worst Cars Ever Made,https://www.youtube.com/watch?v=QN4UhS8cFTk
"Here's Why the Lamborghini Murcielago LP640 Is Worth $215,000",https://www.youtube.com/watch?v=JLNZfkSc19E
The GMC Typhoon Is a Future Classic,https://www.youtube.com/watch?v=YFLFqi7rGMQ
I Taught My Friend to Drive Stick Shift In My Dodge Viper (And Then It Broke Down),https://www.youtube.com/watch?v=x2CTxg0KDwg
"A Used Jaguar XJ Supercharged Is a Lot of Car For $35,000",https://www.youtube.com/watch?v=05yUpaaWMZE
One Year With an Aston Martin: Saying Goodbye,https://www.youtube.com/watch?v=YWm-UOjU_2s
"Here's Why the BMW i8 Is Worth $150,000",https://www.youtube.com/watch?v=EoojNzIL2cQ
Registering My Imported Nissan S-Cargo At the DMV,https://www.youtube.com/watch?v=V6-PcWUNRvA
The Trabant Was an Awful Car Made By Communists,https://www.youtube.com/watch?v=No1-4GsQa-g
Here's Why Old SUVs Are Shooting Up in Value,https://www.youtube.com/watch?v=VsHPZJVX4R4
Here's What It Cost Me to Own an Aston Martin For a Year,https://www.youtube.com/watch?v=hrrFAjxKtj0
Nissan S-Cargo: The Crazy Quirks,https://www.youtube.com/watch?v=Ee8-6DfMEGE
Dodge Viper Gas Mileage Challenge! City MPG vs. Hypermiling!,https://www.youtube.com/watch?v=naWlSOPXUTk
My Range Rover Broke Again: CarMax Warranty Update!,https://www.youtube.com/watch?v=QJNO6p54bUI
Reactions on the Street to My Aston Martin,https://www.youtube.com/watch?v=LoiFnUKgOT4
"The Volkswagen Thing Is Slow, Old, Unsafe... and Amazing",https://www.youtube.com/watch?v=WWrkENGbkNs
I Bought the Ugliest Car Ever Made!,https://www.youtube.com/watch?v=nxa3NY9_Ss8
I Finally Got to Drive My New Dodge Viper,https://www.youtube.com/watch?v=wgZzyJJHJ_Q
"Here's Why the Bentley Bentayga Is Worth $250,000",https://www.youtube.com/watch?v=CkavWDFhDw4
"I Drove My Aston Martin 6,500 Miles Across the Country and Back",https://www.youtube.com/watch?v=hxbM5cZ-BzI
The Porsche Cayman GT4 Is One of the Best Cars I've Ever Driven,https://www.youtube.com/watch?v=mtWoGwge1o0
I Drove My Aston Martin As Fast As Possible On the Bonneville Salt Flats,https://www.youtube.com/watch?v=nwHbzoCBEGc
The Mercedes-AMG GT S Is Ridiculously Underrated,https://www.youtube.com/watch?v=Y2j_IQVRiiU
The Porsche Carrera GT Is an Amazing Supercar,https://www.youtube.com/watch?v=-ByuqStqUPQ
Here's What It's Like to Drive an Exotic Car in the Middle of Nowhere,https://www.youtube.com/watch?v=EaQpAS0lCME
Here Are All the Weird Quirks of My Dodge Viper,https://www.youtube.com/watch?v=cWonxlP2pXQ
"I'm Taking My Aston Martin On a 6,000-Mile Road Trip Across the Country",https://www.youtube.com/watch?v=eL7SryIXRmg
Here's What I Think of the Ford Focus RS,https://www.youtube.com/watch?v=TgyAPbw0_7M
I Bought a Dodge Viper And Drove It 500 Miles Home,https://www.youtube.com/watch?v=BovcC2jQPlQ
I Took My Aston Martin to CarMax For an Appraisal,https://www.youtube.com/watch?v=DZsHHf3ps2c
Why Rent a Normal Rental Car When You Could Have a Jaguar F-Type V8 S?,https://www.youtube.com/watch?v=SROnoFXb3B4
"Here's Why The Ford GT Is Worth $400,000",https://www.youtube.com/watch?v=UI1dXwcJec4
Here Are All The Cars You Told Me To Buy,https://www.youtube.com/watch?v=9cAykolbyTs
"I Drove a Ferrari Race Car On the Street, and It Was Horrible",https://www.youtube.com/watch?v=Y4d1ozlN_Z8
"I Drove a Tesla Roadster, and it Was Awesome",https://www.youtube.com/watch?v=511wnXSnoa4
Help Me Choose! What Crazy Car Should I Buy Next?,https://www.youtube.com/watch?v=XNfi-P4tU0M
"I Drove a Crazy Rare Imported TVR Tuscan, And It's Insane",https://www.youtube.com/watch?v=32u6KPTALxg
Can You Daily Drive an Aston Martin?,https://www.youtube.com/watch?v=0CbUC_b91Ik
BIG NEWS!! My Writing Is Moving to a New Home!!!,https://www.youtube.com/watch?v=YvPmu0TkEMI
"1,600 Miles to Maine in a Used Aston Martin!",https://www.youtube.com/watch?v=h6y8LgmlC6o
I'm Taking My Aston Martin On Its Most Grueling Road Trip Yet,https://www.youtube.com/watch?v=koWZUzNOCFc
Here's What I Think of the MANUAL Jaguar F-Type,https://www.youtube.com/watch?v=r8trzKte9hs
Attention Mustang Owners: This Is How You Leave Cars and Coffee,https://www.youtube.com/watch?v=unfZ4Lyv-dA
"I Wrote a Book, And You Should Buy It!",https://www.youtube.com/watch?v=WcagckVBKrE
Here's What It Costs to Own a Used Aston Martin,https://www.youtube.com/watch?v=VWSPWTadDok
I Drove a 6-Wheel Drive Land Rover Fire Truck,https://www.youtube.com/watch?v=isUvykBrYog
"I'm Taking My Aston Martin On a 1,500-Mile Road Trip!",https://www.youtube.com/watch?v=Qp8IGayGVQE
Here's Why This Kia Spectra Is the Best Car I've Ever Reviewed,https://www.youtube.com/watch?v=njvZSyzs3wg
"The $45,000 Question: Used Aston Martin or Honda Odyssey Touring Elite?",https://www.youtube.com/watch?v=lhlboKOrCj8
Can You Daily Drive an Alfa Romeo 4C?,https://www.youtube.com/watch?v=qyL-5WQzMQE
"I Pissed Off a Lot of British People, and I'm Sorry",https://www.youtube.com/watch?v=lBGfCiZmRAQ
"Aston Martin Tour of Washington, D.C.",https://www.youtube.com/watch?v=qWaE-0NoUK0
"Here's Why The Land Rover Defender Costs $70,000 (Or More)",https://www.youtube.com/watch?v=PRLFqa1y1Qo
Porsche 911 Turbo vs. Aston Martin V8 Vantage,https://www.youtube.com/watch?v=Bw-R0BuhJqo
"Off-Roading an $85,000 Toyota Land Cruiser",https://www.youtube.com/watch?v=478WXze2kbs
Aston Martin V8 Vantage: The Weird Quirks,https://www.youtube.com/watch?v=GAK4fwEuiWA
I Drove My Aston Martin On a Frozen Lake,https://www.youtube.com/watch?v=poFP7x8hobM
I'm Taking My Aston Martin On an 800-Mile Road Trip to Vermont,https://www.youtube.com/watch?v=FGvxDz6gSns
My Aston Martin Warranty Already Paid For Itself,https://www.youtube.com/watch?v=j-sjnKkH6rI
Driving an Aston Martin in the Snow,https://www.youtube.com/watch?v=VAsnMDKqe-o
I Drove the Dodge Challenger Hellcat (And I Almost Crashed It),https://www.youtube.com/watch?v=idX3nlbO-1Y
My Aston Martin Already Broke Down,https://www.youtube.com/watch?v=-XtEgWzvhHs
I Bought an Aston Martin With an Unlimited Mileage Warranty,https://www.youtube.com/watch?v=skPpLE5h5o4
Here Are the Cars You Told Me to Buy,https://www.youtube.com/watch?v=IeyEuDFfGxI
What Car Should I Buy Next? Help Me Choose!,https://www.youtube.com/watch?v=k6ACE1Xg-es
"Goodbye, Nissan Skyline GT-R",https://www.youtube.com/watch?v=gAIfh57L51M
Car Culture In Korea,https://www.youtube.com/watch?v=LZD2pBeXY6Q
Selling a Nissan Skyline GT-R On Craigslist,https://www.youtube.com/watch?v=-Vxg9RzP-pA
One Year With a Hummer: Saying Goodbye,https://www.youtube.com/watch?v=R8HE1jvK9XI
E30 BMW M3 vs. Nissan Skyline GT-R,https://www.youtube.com/watch?v=rnRYR4AHu88
Off-Roading In My Hummer,https://www.youtube.com/watch?v=WFatxJFMYhw
I Took My Nissan Skyline GT-R To CarMax For an Appraisal,https://www.youtube.com/watch?v=ifFyfc11bn4
The Subaru BRAT: Everything You Need to Know,https://www.youtube.com/watch?v=2DIS6hmQ6GY
My Range Rover's CarMax Warranty: A Summary,https://www.youtube.com/watch?v=MzQCj-dbgN0
I Brought My Hummer to a Drag Strip,https://www.youtube.com/watch?v=j0EBQjNTVmY
How Much Power Does a Nissan Skyline GT-R Make?,https://www.youtube.com/watch?v=fZcr5sxHuNI
I Tried to Sell My Hummer to CarMax,https://www.youtube.com/watch?v=KtYhCLvCOtc
Pulled Over By the Police in My Nissan Skyline GT-R,https://www.youtube.com/watch?v=GTiZjS4fAd4
1990 Nissan Skyline GT-R vs. 2016 Nissan GT-R: A Comparison,https://www.youtube.com/watch?v=VIXOamgdLMI
Nissan Murano CrossCabriolet: A Review,https://www.youtube.com/watch?v=dr4Y838Lg1w
Hummer Tour of New York City,https://www.youtube.com/watch?v=G1YQgcTWKrM
Twisty Roads in a Nissan Skyline GT-R,https://www.youtube.com/watch?v=h6xw3lqTqGA
Reactions on the Street to My Hummer,https://www.youtube.com/watch?v=Zu2pSv90wfE
Scion FR-S vs. Nissan Skyline GT-R: Would You Rather?,https://www.youtube.com/watch?v=SGjUDX9xX5E
Hummer Gas Mileage Challenge,https://www.youtube.com/watch?v=C1_9o8kDS8U
Reactions On the Street to My Nissan Skyline GT-R,https://www.youtube.com/watch?v=ad8rU5b1kN4
Track Day in a Hummer,https://www.youtube.com/watch?v=Cavj6-MTHUU
Driving a Right-Hand Drive Nissan Skyline GT-R in the United States,https://www.youtube.com/watch?v=5eFA3cwfR3E
I Let 20 Of My Friends Drive My Hummer,https://www.youtube.com/watch?v=t01r6PJn4Wo
Here's What It's Like to Drive a Nissan Skyline GT-R,https://www.youtube.com/watch?v=c5nevzDbnl8
Driving a Huge Hummer in a Big City,https://www.youtube.com/watch?v=5CS8E9Cfjx8
Nissan Skyline GT-R: The Details,https://www.youtube.com/watch?v=ywE7bIGi_vo
Driving 250 Miles In My Nissan Skyline GT-R,https://www.youtube.com/watch?v=lX2Lq-m8sDg
An Introduction to the Hummer,https://www.youtube.com/watch?v=I62_m3YdN7s
Comparison Test: Original Mini vs. Original Hummer,https://www.youtube.com/watch?v=uVHr3bCwD2g
Reviewing a 1987 Mercedes G-Wagen,https://www.youtube.com/watch?v=4KK9leO8-d0
The Making of: Crushing a PT Cruiser With a Hummer,https://www.youtube.com/watch?v=dM-CHziHJ6k
I Crushed a Chrysler PT Cruiser with a Hummer,https://www.youtube.com/watch?v=MBFd7LI44XQ
You Don't Want to Drive a Ferrari Every Day,https://www.youtube.com/watch?v=TcLU4LGTPk8
1985 Lamborghini Jalpa: A Comprehensive Review,https://www.youtube.com/watch?v=Zo-VnozaKBE
Porsche 911 GT3 Review,https://www.youtube.com/watch?v=UxeR9veDTb0
Driving a Ferrari in the Rain,https://www.youtube.com/watch?v=YXXfiFI6F3U
Women Driving a Ferrari,https://www.youtube.com/watch?v=V5c_KSYCNaU
Ferrari 360 Moves to Philadelphia,https://www.youtube.com/watch?v=eRquOPqXu-M
Highlights of Monterey Car Week 2014,https://www.youtube.com/watch?v=CgsRyUisWKM
Hypermiling in a Honda Insight,https://www.youtube.com/watch?v=9WYypHmERtw
Getting Gas in a Ferrari 360 Modena,https://www.youtube.com/watch?v=3yzVVN43Z5o
Exotic Cars in Monaco,https://www.youtube.com/watch?v=wi-Ej4Zs0AI
Ferrari 360 Modena - 2 a.m. Drive,https://www.youtube.com/watch?v=AWZpqhxxxj4
Off-Roading in a 2006 Range Rover,https://www.youtube.com/watch?v=n3oIY-CttLM
Drag Racing a Ferrari 360 Modena,https://www.youtube.com/watch?v=fPbMcrKSuO8
Nissan Cube: Saying Goodbye,https://www.youtube.com/watch?v=MdVdBvfnYkI
Would You Rather? Ferrari 360 Modena vs. Porsche Cayman S,https://www.youtube.com/watch?v=lXU5_aabK6M
"2014 Chevrolet Camaro SS: Review, and Tail of the Dragon Run",https://www.youtube.com/watch?v=0OinQLv2dw4
The Drawbacks of Owning an Exotic Car,https://www.youtube.com/watch?v=jTKNCoEPLv4
Review: A One-Owner 2002 BMW M5,https://www.youtube.com/watch?v=eQhc4GKLoc0
Does a Ferrari 360 Attract Women?,https://www.youtube.com/watch?v=UcvHSmF28qc
"The 2014 Toyota Tundra is Really, Really Big",https://www.youtube.com/watch?v=k-ctXmk-PCQ
I Let My Friends Drive My Ferrari 360 Modena,https://www.youtube.com/watch?v=SGlydjQI09o
Mountain Drive with a Ferrari 360 Modena and Other Exotic Cars,https://www.youtube.com/watch?v=xLZvgt_bPwE
Mercedes E63 AMG Wagon: A Review,https://www.youtube.com/watch?v=dsZxmszKsiQ
Ferrari 360 On the Dyno,https://www.youtube.com/watch?v=A2P81aV7Hl8
2014 Mercedes S-Class: Cool Features,https://www.youtube.com/watch?v=lDFDVeQlwlQ
Ferrari 360 Modena: The Quirks,https://www.youtube.com/watch?v=F-DTCyO67uI
Would You Rather: Ferrari 360 Modena vs. Lexus LS460,https://www.youtube.com/watch?v=ntXb4kz5Ffk
Running Errands in a Ferrari 360 Modena,https://www.youtube.com/watch?v=bBOLAnGv-fA
Ferrari 360 Modena: First Drive,https://www.youtube.com/watch?v=HW7ET4GgQbI
Driving Home From Florida In A Ferrari 360 Modena,https://www.youtube.com/watch?v=VaYdF8egqv4
Cadillac CTS-V Wagon: A Low-Budget Farewell,https://www.youtube.com/watch?v=2gUGAavtJQc
